label,accession,location,Country,Date,strain,host,Authors,collected_by
PP860029|22V-0932|MPXV|Cameroon|North-west|2022-11-08,PP860029,North-West,Cameroon,08/11/2022,CladeIIb,Homo sapiens,"Djuicy,D.D., Omah,I.F., Parker,E., Tomkins-Tinch,C.H., Otieno,J.R., Yifomnjou,M.H.M., Essengue,L.L.M., Ayinla,A.O., Sijuwola,A.E., Ahmed,M.I., Ope-ewe,O.O., Ogunsanya,O.A., Olono,A., Eromon,P., Yonga,M.G.W., Essima,G.D., Touoyem,I.P., Mounchili,L.J.M., Eyangoh,S.I., Esso,L., Nguidjol,I.M.E., Metomb,S.F., Chebo,C., Agwe,S.M., Mossi,H.M., Bilounga,C.N., Etoundi,A.G.M., Akanbi,O., Egwuenu,A., Ehiakhamen,O., Chukwu,C., Suleiman,K., Akinpelu,A., Ahmad,A., Imam,K.I., Ojedele,R., Oripenaye,V., Ikeata,K., Adelakun,S., Olajumoke,B., O'Toole,A., Magee,A., Zeller,M., Gangavarapu,K., Varilly,P., Park,D.J., Mboowa,G., Kifle Tessema,S., Tebeje,Y.K., Folarin,O., Happi,A., Lemey,P., Suchard,M.A., Andersen,K.G., Sabeti,P., Rambaut,A., Ihekweazu,C., Jide,I., Adetifa,I., Njoum,R. and Happi,C.T.","Centre Pasteur of Cameroon, Yaounde, Cameroon"
PP860025|22V-09403|Cameroon|North-west|2022-11-11,PP860025,North-west,Cameroon ,11/11/2022,CladeIIb,Homo sapiens,"Djuicy,D.D., Omah,I.F., Parker,E., Tomkins-Tinch,C.H., Otieno,J.R., Yifomnjou,M.H.M., Essengue,L.L.M., Ayinla,A.O., Sijuwola,A.E., Ahmed,M.I., Ope-ewe,O.O., Ogunsanya,O.A., Olono,A., Eromon,P., Yonga,M.G.W., Essima,G.D., Touoyem,I.P., Mounchili,L.J.M., Eyangoh,S.I., Esso,L., Nguidjol,I.M.E., Metomb,S.F., Chebo,C., Agwe,S.M., Mossi,H.M., Bilounga,C.N., Etoundi,A.G.M., Akanbi,O., Egwuenu,A., Ehiakhamen,O., Chukwu,C., Suleiman,K., Akinpelu,A., Ahmad,A., Imam,K.I., Ojedele,R., Oripenaye,V., Ikeata,K., Adelakun,S., Olajumoke,B., O'Toole,A., Magee,A., Zeller,M., Gangavarapu,K., Varilly,P., Park,D.J., Mboowa,G., Kifle Tessema,S., Tebeje,Y.K., Folarin,O., Happi,A., Lemey,P., Suchard,M.A., Andersen,K.G., Sabeti,P., Rambaut,A., Ihekweazu,C., Jide,I., Adetifa,I., Njoum,R. and Happi,C.T.","Centre Pasteur of Cameroon, Yaounde, Cameroon"
PP860026|14V-4552|MPXV|Cameroon|North-west|2018-05-10,PP860026,North-west,Cameroon,10/05/2018,CladeIIb,Homo sapiens,"Djuicy,D.D., Omah,I.F., Parker,E., Tomkins-Tinch,C.H., Otieno,J.R., Yifomnjou,M.H.M., Essengue,L.L.M., Ayinla,A.O., Sijuwola,A.E., Ahmed,M.I., Ope-ewe,O.O., Ogunsanya,O.A., Olono,A., Eromon,P., Yonga,M.G.W., Essima,G.D., Touoyem,I.P., Mounchili,L.J.M., Eyangoh,S.I., Esso,L., Nguidjol,I.M.E., Metomb,S.F., Chebo,C., Agwe,S.M., Mossi,H.M., Bilounga,C.N., Etoundi,A.G.M., Akanbi,O., Egwuenu,A., Ehiakhamen,O., Chukwu,C., Suleiman,K., Akinpelu,A., Ahmad,A., Imam,K.I., Ojedele,R., Oripenaye,V., Ikeata,K., Adelakun,S., Olajumoke,B., O'Toole,A., Magee,A., Zeller,M., Gangavarapu,K., Varilly,P., Park,D.J., Mboowa,G., Kifle Tessema,S., Tebeje,Y.K., Folarin,O., Happi,A., Lemey,P., Suchard,M.A., Andersen,K.G., Sabeti,P., Rambaut,A., Ihekweazu,C., Jide,I., Adetifa,I., Njoum,R. and Happi,C.T.","Centre Pasteur of Cameroon, Yaounde, Cameroon"
PP860027|22V-07968|MPXV|Cameroon|South-west|2022-10-13,PP860027,South-west,Cameroon,13/10/2022,CladeIIb,Homo sapiens,"Djuicy,D.D., Omah,I.F., Parker,E., Tomkins-Tinch,C.H., Otieno,J.R., Yifomnjou,M.H.M., Essengue,L.L.M., Ayinla,A.O., Sijuwola,A.E., Ahmed,M.I., Ope-ewe,O.O., Ogunsanya,O.A., Olono,A., Eromon,P., Yonga,M.G.W., Essima,G.D., Touoyem,I.P., Mounchili,L.J.M., Eyangoh,S.I., Esso,L., Nguidjol,I.M.E., Metomb,S.F., Chebo,C., Agwe,S.M., Mossi,H.M., Bilounga,C.N., Etoundi,A.G.M., Akanbi,O., Egwuenu,A., Ehiakhamen,O., Chukwu,C., Suleiman,K., Akinpelu,A., Ahmad,A., Imam,K.I., Ojedele,R., Oripenaye,V., Ikeata,K., Adelakun,S., Olajumoke,B., O'Toole,A., Magee,A., Zeller,M., Gangavarapu,K., Varilly,P., Park,D.J., Mboowa,G., Kifle Tessema,S., Tebeje,Y.K., Folarin,O., Happi,A., Lemey,P., Suchard,M.A., Andersen,K.G., Sabeti,P., Rambaut,A., Ihekweazu,C., Jide,I., Adetifa,I., Njoum,R. and Happi,C.T.","Centre Pasteur of Cameroon, Yaounde, Cameroon"
PP860028|22V-08501|MPXV|Cameroon|South-west|2022-10-27,PP860028,South-west,Cameroon,27/10/2022,CladeIIb,Homo sapiens,"Djuicy,D.D., Omah,I.F., Parker,E., Tomkins-Tinch,C.H., Otieno,J.R., Yifomnjou,M.H.M., Essengue,L.L.M., Ayinla,A.O., Sijuwola,A.E., Ahmed,M.I., Ope-ewe,O.O., Ogunsanya,O.A., Olono,A., Eromon,P., Yonga,M.G.W., Essima,G.D., Touoyem,I.P., Mounchili,L.J.M., Eyangoh,S.I., Esso,L., Nguidjol,I.M.E., Metomb,S.F., Chebo,C., Agwe,S.M., Mossi,H.M., Bilounga,C.N., Etoundi,A.G.M., Akanbi,O., Egwuenu,A., Ehiakhamen,O., Chukwu,C., Suleiman,K., Akinpelu,A., Ahmad,A., Imam,K.I., Ojedele,R., Oripenaye,V., Ikeata,K., Adelakun,S., Olajumoke,B., O'Toole,A., Magee,A., Zeller,M., Gangavarapu,K., Varilly,P., Park,D.J., Mboowa,G., Kifle Tessema,S., Tebeje,Y.K., Folarin,O., Happi,A., Lemey,P., Suchard,M.A., Andersen,K.G., Sabeti,P., Rambaut,A., Ihekweazu,C., Jide,I., Adetifa,I., Njoum,R. and Happi,C.T.","Centre Pasteur of Cameroon, Yaounde, Cameroon"
PP860030|22V-07739|MPXV|Cameroon|South-west|2022-09-19,PP860030,South-west,Cameroon,19/09/2022,CladeIIb,Homo sapiens,"Djuicy,D.D., Omah,I.F., Parker,E., Tomkins-Tinch,C.H., Otieno,J.R., Yifomnjou,M.H.M., Essengue,L.L.M., Ayinla,A.O., Sijuwola,A.E., Ahmed,M.I., Ope-ewe,O.O., Ogunsanya,O.A., Olono,A., Eromon,P., Yonga,M.G.W., Essima,G.D., Touoyem,I.P., Mounchili,L.J.M., Eyangoh,S.I., Esso,L., Nguidjol,I.M.E., Metomb,S.F., Chebo,C., Agwe,S.M., Mossi,H.M., Bilounga,C.N., Etoundi,A.G.M., Akanbi,O., Egwuenu,A., Ehiakhamen,O., Chukwu,C., Suleiman,K., Akinpelu,A., Ahmad,A., Imam,K.I., Ojedele,R., Oripenaye,V., Ikeata,K., Adelakun,S., Olajumoke,B., O'Toole,A., Magee,A., Zeller,M., Gangavarapu,K., Varilly,P., Park,D.J., Mboowa,G., Kifle Tessema,S., Tebeje,Y.K., Folarin,O., Happi,A., Lemey,P., Suchard,M.A., Andersen,K.G., Sabeti,P., Rambaut,A., Ihekweazu,C., Jide,I., Adetifa,I., Njoum,R. and Happi,C.T.","Centre Pasteur of Cameroon, Yaounde, Cameroon"
22V-00973|MPXV|Cameroon|North-west|2022-02-16,failed,North-west,Cameroon,16/02/2022,CladeIIb,Homo sapiens,"Djuicy,D.D., Omah,I.F., Parker,E., Tomkins-Tinch,C.H., Otieno,J.R., Yifomnjou,M.H.M., Essengue,L.L.M., Ayinla,A.O., Sijuwola,A.E., Ahmed,M.I., Ope-ewe,O.O., Ogunsanya,O.A., Olono,A., Eromon,P., Yonga,M.G.W., Essima,G.D., Touoyem,I.P., Mounchili,L.J.M., Eyangoh,S.I., Esso,L., Nguidjol,I.M.E., Metomb,S.F., Chebo,C., Agwe,S.M., Mossi,H.M., Bilounga,C.N., Etoundi,A.G.M., Akanbi,O., Egwuenu,A., Ehiakhamen,O., Chukwu,C., Suleiman,K., Akinpelu,A., Ahmad,A., Imam,K.I., Ojedele,R., Oripenaye,V., Ikeata,K., Adelakun,S., Olajumoke,B., O'Toole,A., Magee,A., Zeller,M., Gangavarapu,K., Varilly,P., Park,D.J., Mboowa,G., Kifle Tessema,S., Tebeje,Y.K., Folarin,O., Happi,A., Lemey,P., Suchard,M.A., Andersen,K.G., Sabeti,P., Rambaut,A., Ihekweazu,C., Jide,I., Adetifa,I., Njoum,R. and Happi,C.T.","Centre Pasteur of Cameroon, Yaounde, Cameroon"
PP860031|21V-04877|MPXV|Cameroon|Centre-Cameroon|2021-07-22,PP860031,Centre,Cameroon,22/07/2021,CladeIIb,Homo sapiens,"Djuicy,D.D., Omah,I.F., Parker,E., Tomkins-Tinch,C.H., Otieno,J.R., Yifomnjou,M.H.M., Essengue,L.L.M., Ayinla,A.O., Sijuwola,A.E., Ahmed,M.I., Ope-ewe,O.O., Ogunsanya,O.A., Olono,A., Eromon,P., Yonga,M.G.W., Essima,G.D., Touoyem,I.P., Mounchili,L.J.M., Eyangoh,S.I., Esso,L., Nguidjol,I.M.E., Metomb,S.F., Chebo,C., Agwe,S.M., Mossi,H.M., Bilounga,C.N., Etoundi,A.G.M., Akanbi,O., Egwuenu,A., Ehiakhamen,O., Chukwu,C., Suleiman,K., Akinpelu,A., Ahmad,A., Imam,K.I., Ojedele,R., Oripenaye,V., Ikeata,K., Adelakun,S., Olajumoke,B., O'Toole,A., Magee,A., Zeller,M., Gangavarapu,K., Varilly,P., Park,D.J., Mboowa,G., Kifle Tessema,S., Tebeje,Y.K., Folarin,O., Happi,A., Lemey,P., Suchard,M.A., Andersen,K.G., Sabeti,P., Rambaut,A., Ihekweazu,C., Jide,I., Adetifa,I., Njoum,R. and Happi,C.T.","Centre Pasteur of Cameroon, Yaounde, Cameroon"
PP860032|22V-8505|MPXV|Cameroon|South-west|2022,PP860032,South-west,Cameroon,2022,CladeIIb,Homo sapiens,"Djuicy,D.D., Omah,I.F., Parker,E., Tomkins-Tinch,C.H., Otieno,J.R., Yifomnjou,M.H.M., Essengue,L.L.M., Ayinla,A.O., Sijuwola,A.E., Ahmed,M.I., Ope-ewe,O.O., Ogunsanya,O.A., Olono,A., Eromon,P., Yonga,M.G.W., Essima,G.D., Touoyem,I.P., Mounchili,L.J.M., Eyangoh,S.I., Esso,L., Nguidjol,I.M.E., Metomb,S.F., Chebo,C., Agwe,S.M., Mossi,H.M., Bilounga,C.N., Etoundi,A.G.M., Akanbi,O., Egwuenu,A., Ehiakhamen,O., Chukwu,C., Suleiman,K., Akinpelu,A., Ahmad,A., Imam,K.I., Ojedele,R., Oripenaye,V., Ikeata,K., Adelakun,S., Olajumoke,B., O'Toole,A., Magee,A., Zeller,M., Gangavarapu,K., Varilly,P., Park,D.J., Mboowa,G., Kifle Tessema,S., Tebeje,Y.K., Folarin,O., Happi,A., Lemey,P., Suchard,M.A., Andersen,K.G., Sabeti,P., Rambaut,A., Ihekweazu,C., Jide,I., Adetifa,I., Njoum,R. and Happi,C.T.","Centre Pasteur of Cameroon, Yaounde, Cameroon"
 PP860033|22V-7811|MPXV|Cameroon|South-west|2022, PP860033,South-west,Cameroon,2022,CladeIIb,Homo sapiens,"Djuicy,D.D., Omah,I.F., Parker,E., Tomkins-Tinch,C.H., Otieno,J.R., Yifomnjou,M.H.M., Essengue,L.L.M., Ayinla,A.O., Sijuwola,A.E., Ahmed,M.I., Ope-ewe,O.O., Ogunsanya,O.A., Olono,A., Eromon,P., Yonga,M.G.W., Essima,G.D., Touoyem,I.P., Mounchili,L.J.M., Eyangoh,S.I., Esso,L., Nguidjol,I.M.E., Metomb,S.F., Chebo,C., Agwe,S.M., Mossi,H.M., Bilounga,C.N., Etoundi,A.G.M., Akanbi,O., Egwuenu,A., Ehiakhamen,O., Chukwu,C., Suleiman,K., Akinpelu,A., Ahmad,A., Imam,K.I., Ojedele,R., Oripenaye,V., Ikeata,K., Adelakun,S., Olajumoke,B., O'Toole,A., Magee,A., Zeller,M., Gangavarapu,K., Varilly,P., Park,D.J., Mboowa,G., Kifle Tessema,S., Tebeje,Y.K., Folarin,O., Happi,A., Lemey,P., Suchard,M.A., Andersen,K.G., Sabeti,P., Rambaut,A., Ihekweazu,C., Jide,I., Adetifa,I., Njoum,R. and Happi,C.T.","Centre Pasteur of Cameroon, Yaounde, Cameroon"